FLIGHT_ID,TIME_OFFSET,P64: Duration of Takeoff (Seconds),TIME_ON_GROUND_BEFORE_LIFTOFF_(SECONDS),P64: Duration of Taxi Out (Minutes),DURATION,SPEED_SOUND_START_EVENT,HEAD_WIND_KNOTS,MSL_ALT,AFE_ALT,TAS_START_EVENT,P64: True Airspeed at Liftoff (knots),MACH_NUMBER_START_EVENT,GS_SEGMENT,TAS_SEGMENT,MACH_NUMBER_SEGMENT,DRAG,LIFT,LAT,LON,DISTANCE_START_EVENT,DISTANCE_END_EVENT,FUEL_QUANTITY_KILOGRAMS,FUELFLOW_START_EVENT,FUELFLOW_SEGMENT,N1,THRUST_START_EVENT,THRUST_SEGMENT,LIFTOFF,APT_CODE,Takeoff Runway Starting Latitude,Takeoff Runway Starting Longitude,P64  Wind Speed at Start of Event (library) (knots),P64  Wind Direction (true) at Start of Event (library) (degrees),P64  Mean Longitudinal Acceleration over succeeding interval from Start of Event (g's),P64  Mean Vertical (body normal) Acceleration over succeeding interval from Start of Event (g's),P64  Longitudinal Acceleration at Start of Event (g's),P64  Vertical (body normal) Acceleration at Start of Event (library) (g's),P64  Mean Normal-Load Factor over succeeding interval from Start of Event (g's),P64  Drag (expected clean configuration) at Start of Event (lbs),P64  Lift Expected at Start of Event (lbs),GROSS_WEIGHT_KILOGRAMS,P64  Corrected MSL Altitude at Start of Event (library) (feet),P64  Pressure Altitude (above MSL) at Start of Event (library) (feet),P64  GPS Altitude (above MSL) at Start of Event (library) (feet),P64  Density Altitude at Start of Event (ft),P64  Geometric Altitude (above MSL) at Start of Event (library) (feet),P64  Radio Altitude at Start of Event (ft),P64  Height AGL at Start of Event (feet),P64  Height AGL at Start of Event (library) (feet),P64  Height Above Takeoff (best estimate library) at Start of Event (feet),P64  Height AFE at Start of Event (library) (feet),FLAP_POSITION_DEGREES,P64  Slat Position at Start of Event (library) (deg+   LED),P64  Slats Retracted (boolean) at Start of Event (library) (0   retracted),P64  Spoiler Position Average (all spoilers; +  TEU) at Start of Event (degrees),P64  Spoiler Position Average (left; +  TEU) at Start of Event (deg+ TEU),P64  Spoiler Position Average (right; +  TEU) at Start of Event (deg+ TEU),P64  Elevator Position at Start of Event (deg+ TEU),AIR_TEMP_OUTSIDE_CELSIUS,P64  Air Temperature (total best available) at Start of Event (library) (Deg Celsius),STATED_SEGMENT_START_OF_TAKEOFF,DISTANCE_FROM_RUNWAY_END,DISTANCE_FROM_RUNWAY_END_AT_DETECTED_START_OF_TAKEOFF,DISTANCE_FROM_RUNWAY_END_AT_DETECTED_LIFTOFF,FLIGHT_ID.1,APT_AIRCRAFT_RUNWAY_STAGE,SHARE_OF_REMAINING_RUNWAY_LENGTH_AT_DETECTED_AIRBORNE_POINT_IN_RUNWAY_VICINITY,FEET_OF_REMAINING_RUNWAY_LENGTH_AT_DETECTED_AIRBORNE_POINT_IN_RUNWAY_VICINITY,DISTANCE_FROM_RUNWAY_END.1,RUNWAY_LENGTH,DISPLACED_THRESHOLD,DEPARTURE_AIRPORT_CODE,ACTYPE,RUNWAY_END,STAGE_LENGTH_ID,EFFECTIVE_RUNWAY_LENGTH,SHARE_OF_REMAINING_EFFECTIVE_RUNWAY_LENGTH_AT_DETECTED_AIRBORNE_POINT_IN_RUNWAY_VICINITY,FEET_OF_REMAINING_EFFECTIVE_RUNWAY_LENGTH_AT_DETECTED_AIRBORNE_POINT_IN_RUNWAY_VICINITY,DISTANCE_FROM_THRESHOLD_AT_POINT_ONE,DISTANCE_FROM_POINT_ONE_FEET,GROUNDSPEED_AT_POINT_ONE_KNOTS,WELL-BEHAVED_TRAJECTORY,LATITUDE_AT_POINT_ONE,LONGITUDE_AT_POINT_ONE,LATITUDE_AT_DETECTED_AIRBORNE_POINT_IN_RUNWAY_VICINITY,LONGITUDE_AT_DETECTED_AIRBORNE_POINT_IN_RUNWAY_VICINITY,RUNWAY_CALCULATED_GRADIENT,P64: Fuel Burned by all Engines during Takeoff (kg),P64: Average Fuel Flow to all Engines during Takeoff (kg/hr; start --> liftoff),P64: Pressure Altitude at the Start of Takeoff (ft),P64: Corrected Altitude at Liftoff (feet),P64: Best Available MSL Altitude at Liftoff (feet),P64: GPS Altitude at Liftoff (ft),P64: V1 for Takeoff Configuration (knots),P64: V2 for Takeoff Configuration (knots),P64: Airspeed (calibrated) at Start of Rotation (knots),P64: Airspeed (calibrated) at Liftoff (knots),P64: VR for Takeoff Configuration (knots),P64: Vmu for Takeoff Configuration (knots),P64: True Airspeed at Liftoff (knots).1,P64: Pitch Attitude at Liftoff (deg),HEAD_WIND_KNOTS_TWENTY_POINT_LAGGING_AVERAGE,Stated_Trajectory_Mode
1002395,1200,63.25,1266.0,15.733334,5,672.003906,0.0,5540.875,-34.001934,0.0,178.625,0.0,3.708333,0.0,0.0,0.0,2.978971,-26.109322,28.245909,-1.837153,4746.771484,80038.09375,4544.995117,11714.776367,51.867188,116222.109375,215578.515625,0,FAOR,-26.108,28.246333,0.0,0.0,0.065662,0.000651,-0.013672,-0.001953,0.944264,0.0,2.978971,254130.25,5516.093262,5220.0,5540.875,7467.616699,5502.147949,0.125,0.125,0.128035,-34.001934,-34.001934,22.25,23.75,1.0,0.131836,0.131836,0.131836,-7.163084,24.5,24.5,0,500.289105738554,,,,,,,,,,,,,,,,,,,,,,,,,,,,,,,,,,,,,,,,,0
1002395,1202,63.25,1266.0,15.733334,5,672.003906,0.0,5541.0,-33.996597,0.0,178.625,0.0,8.0,0.0,0.0,0.0,20.136335,-26.109341,28.245903,-1.836597,4746.770996,80038.09375,10927.945313,15290.292969,80.085938,207426.015625,267568.75,0,FAOR,-26.108,28.246333,0.0,0.0,0.114211,0.008464,0.048828,-0.005859,0.944931,0.0,20.136335,254130.25,5516.098633,5222.0,5541.0,7470.047363,5502.147949,0.0,0.0,0.128035,-33.996597,-33.996597,22.25,23.75,1.0,0.131836,0.131836,0.131836,-6.899412,24.5,24.5,0,507.470778951791,,,,,,,,,,,,,,,,,,,,,,,,,,,,,,,,,,,,,,,,,0
1002395,1203,63.25,1266.0,15.733334,1,672.003906,0.0,5541.0,-33.996506,0.0,178.625,0.0,4.9375,0.0,0.0,0.0,100.201324,-26.109362,28.245895,-1.835868,4746.770508,80038.09375,14843.354492,15768.681641,90.304688,256280.4375,265040.6875,0,FAOR,-26.108,28.246333,0.0,0.0,0.114453,0.011719,0.099609,0.009766,0.943576,0.0,100.201324,254130.25,5516.098633,5223.0,5541.0,7471.262207,5502.147949,-0.125,-0.125,0.128035,-33.996506,-33.996506,22.25,23.75,1.0,0.131836,0.131836,0.131836,-8.217772,24.5,24.5,0,515.533458165876,,,,,,,,,,,,,,,,,,,,,,,,,,,,,,,,,,,,,,,,,0
1002395,1204,63.25,1266.0,15.733334,1,672.003906,0.0,5541.125,-33.996418,0.0,178.625,0.0,7.75,0.0,0.0,0.0,297.874786,-26.109385,28.245888,-1.834496,4746.769043,80038.09375,16694.009766,16631.414063,92.585938,273800.9375,278521.4375,0,FAOR,-26.108,28.246333,0.0,0.0,0.129297,0.004883,0.128906,0.013672,0.946615,0.0,297.874786,254130.25,5516.098633,5222.0,5541.125,7470.047363,5502.147949,0.0,0.0,0.128035,-33.996418,-33.996418,22.25,23.75,1.0,0.131836,0.131836,0.131836,-8.789061,24.5,24.25,0,524.202967796161,,,,,,,,,,,,,,,,,,,,,,,,,,,,,,,,,,,,,,,,,0
1002395,1205,63.25,1266.0,15.733334,1,671.721619,0.0,5541.125,-33.891575,0.0,178.625,0.0,10.6875,0.0,0.0,0.0,652.988892,-26.109423,28.245876,-1.832344,4746.76709,80038.09375,16568.818359,16493.523438,92.789063,283241.96875,286535.6875,0,FAOR,-26.108,28.246333,0.0,0.0,0.129297,0.006836,0.128906,-0.003906,0.946181,0.0,652.988892,254130.25,5516.203613,5223.0,5541.125,7444.019043,5502.139648,-0.125,-0.125,0.377921,-33.891575,-33.891575,22.25,23.75,1.0,0.131836,0.131836,0.131836,-9.184568,24.25,24.25,0,538.566286094088,,,,,,,,,,,,,,,,,,,,,,,,,,,,,,,,,,,,,,,,,0
1002395,1206,63.25,1266.0,15.733334,1,671.721619,0.0,5541.25,-33.786732,0.0,178.625,0.0,13.625,0.0,0.0,0.0,1121.939819,-26.109461,28.245863,-1.829375,4746.763672,80038.09375,16418.226563,16353.816406,92.804688,289829.375,292331.5625,0,FAOR,-26.108,28.246333,0.0,0.0,0.13125,0.018555,0.126953,0.017578,0.945747,0.0,1121.939819,254130.25,5516.308594,5224.0,5541.25,7445.234863,5502.134766,0.0,0.0,0.128071,-33.786732,-33.786732,22.25,23.75,1.0,0.131836,0.131836,0.131836,-8.876951,24.25,24.25,1,553.021057342236,533.835511487386,,,,,,,,,,,,,,,,,,,,,,,,,,,,,,,,,,,,,,,,1
1002395,1207,63.25,1266.0,15.733334,1,671.721619,0.0,5541.375,-33.598289,0.0,178.625,0.0,16.5625,0.0,0.0,0.0,1745.744019,-26.109524,28.245844,-1.82559,4746.760254,80038.09375,16289.40625,16213.203125,92.828125,294833.71875,300593.5625,0,FAOR,-26.108,28.246333,0.0,0.0,0.131641,0.012695,0.132813,0.019531,0.943576,0.0,1745.744019,254130.25,5516.49707,5225.0,5541.375,7446.450195,5502.141113,0.125,0.125,0.253012,-33.598289,-33.598289,22.25,23.75,1.0,0.124512,0.131836,0.117188,-8.964842,24.25,24.0,0,576.752119952725,,,,,,,,,,,,,,,,,,,,,,,,,,,,,,,,,,,,,,,,,1
1002395,1208,63.25,1266.0,15.733334,1,671.43927,0.0,5541.5,-33.409847,0.0,178.625,0.0,19.5625,0.0,0.0,0.0,2474.47876,-26.109585,28.245825,-1.82099,4746.755371,80001.8125,16137.0,17278.238281,94.25,306353.40625,328691.0625,0,FAOR,-26.108,28.246333,0.0,0.0,0.136328,-0.021484,0.128906,0.005859,0.940972,0.0,2474.47876,254130.25,5516.685547,5226.0,5541.5,7420.394531,5502.131348,0.0,0.0,0.128097,-33.409847,-33.409847,22.25,23.75,1.0,0.124512,0.131836,0.117188,-8.305662,24.0,24.0,0,599.785050489629,,,,,,,,,,,,,,,,,,,,,,,,,,,,,,,,,,,,,,,,,1
1002395,1209,63.25,1266.0,15.733334,1,671.43927,0.0,5541.625,-33.168129,0.0,178.625,0.0,22.8125,0.0,0.0,0.0,3408.255859,-26.109673,28.245798,-1.815556,4746.75,80001.8125,18419.476563,19266.785156,101.851563,351028.75,353156.5,0,FAOR,-26.108,28.246333,0.0,0.0,0.157813,-0.03418,0.154297,-0.048828,0.947917,0.0,3408.255859,254130.25,5516.927246,5226.0,5541.625,7420.394531,5502.071289,0.0,0.0,0.003185,-33.168129,-33.168129,22.25,23.75,1.0,0.131836,0.131836,0.131836,-9.052732,24.0,24.0,0,632.975648962726,,,,,,,,,,,,,,,,,,,,,,,,,,,,,,,,,,,,,,,,,1
1002395,1210,63.25,1266.0,15.733334,1,671.156738,0.0,5541.75,-32.926414,0.0,178.625,0.0,26.25,0.0,0.0,0.0,4587.96582,-26.10976,28.24577,-1.809219,4746.743652,80001.8125,20114.095703,19947.175781,101.085938,355284.28125,357596.875,0,FAOR,-26.108,28.246333,0.0,0.0,0.156641,-0.013672,0.160156,-0.019531,0.943576,0.0,4587.96582,254130.25,5517.168945,5227.0,5541.75,7394.311523,5501.933105,0.125,0.125,0.128133,-32.926414,-32.926414,22.25,23.75,1.0,0.131836,0.131836,0.131836,-9.580075,23.75,24.0,0,665.908152719337,,,,,,,,,,,,,,,,,,,,,,,,,,,,,,,,,,,,,,,,,1
1002395,1211,63.25,1266.0,15.733334,1,671.156738,0.0,5541.875,-32.661106,0.0,178.625,0.0,29.6875,0.0,0.0,0.0,5991.995605,-26.109879,28.245731,-1.801927,4746.736328,80001.8125,19780.253906,19734.894531,101.125,359909.4375,362176.9375,0,FAOR,-26.108,28.246333,0.0,0.0,0.156641,0.00293,0.158203,-0.007813,0.94184,0.0,5991.995605,254130.25,5517.434082,5229.0,5541.875,7396.743164,5501.941406,-0.125,-0.125,0.128153,-32.661106,-32.661106,22.25,23.75,1.0,0.131836,0.131836,0.131836,-9.799802,23.75,24.0,0,711.017669173393,,,,,,,,,,,,,,,,,,,,,,,,,,,,,,,,,,,,,,,,,1
1002395,1212,63.25,1266.0,15.733334,1,671.156738,0.0,5542.125,-32.395798,0.0,178.625,0.0,33.0625,0.0,0.0,0.0,7182.67334,-26.109995,28.245695,-1.793681,4746.728027,79965.53125,19689.535156,19626.03125,101.265625,364444.4375,365827.5625,0,FAOR,-26.108,28.246333,0.0,0.0,0.153125,-0.012695,0.150391,0.013672,0.947483,0.0,7182.67334,254130.25,5517.699219,5229.0,5542.125,7396.743164,5502.033203,-0.375,-0.375,0.128176,-32.395798,-32.395798,22.25,23.75,1.0,0.131836,0.131836,0.131836,-9.492185,23.75,24.0,0,754.806200457642,,,,,,,,,,,,,,,,,,,,,,,,,,,,,,,,,,,,,,,,,1
1002395,1213,63.25,1266.0,15.733334,1,671.156738,0.0,5542.25,-32.087822,0.0,178.625,0.0,36.375,0.0,0.0,0.0,7825.477539,-26.110142,28.245647,-1.784497,4746.719238,79965.53125,19562.527344,19571.599609,101.375,367210.71875,369923.5,0,FAOR,-26.108,28.246333,0.0,0.0,0.154687,-0.026367,0.152344,-0.039063,0.941406,0.0,7825.477539,254130.25,5518.007324,5230.0,5542.25,7397.958984,5502.07959,-0.125,-0.125,0.003274,-32.087822,-32.087822,22.25,23.75,1.0,0.131836,0.131836,0.131836,-9.448239,23.75,24.0,0,810.513606339549,,,,,,,,,,,,,,,,,,,,,,,,,,,,,,,,,,,,,,,,,1
1002395,1214,63.25,1266.0,15.733334,1,671.156738,0.0,5542.5,-31.77985,0.0,178.625,0.0,39.6875,0.0,0.0,0.0,8289.160156,-26.110287,28.245602,-1.774392,4746.708984,79965.53125,19580.671875,19652.339844,101.921875,372636.3125,373950.34375,0,FAOR,-26.108,28.246333,0.0,0.0,0.153125,-0.024414,0.15625,-0.013672,0.940538,0.0,8289.160156,254130.25,5518.31543,5230.0,5542.5,7397.958984,5502.088379,0.0,0.0,0.128231,-31.77985,-31.77985,22.25,23.75,1.0,0.131836,0.131836,0.131836,-9.711911,23.75,24.0,0,865.249316171864,,,,,,,,,,,,,,,,,,,,,,,,,,,,,,,,,,,,,,,,,1
1002395,1215,63.25,1266.0,15.733334,1,671.156738,0.0,5542.75,-31.451921,0.0,178.625,0.0,43.0625,0.0,0.0,0.0,8592.422852,-26.110462,28.245546,-1.763368,4746.697754,79965.53125,19724.007813,19756.666016,101.84375,375264.375,377962.5,0,FAOR,-26.108,28.246333,0.0,0.0,0.153516,-0.000977,0.158203,-0.035156,0.945313,0.0,8592.422852,254130.25,5518.643066,5231.0,5542.75,7399.174805,5502.003418,0.0,0.0,0.12826,-31.451921,-31.451921,22.25,23.75,1.0,0.131836,0.131836,0.131836,-9.711911,23.75,23.75,0,931.463530744899,,,,,,,,,,,,,,,,,,,,,,,,,,,,,,,,,,,,,,,,,1
1002395,1216,63.25,1266.0,15.733334,1,670.874146,0.0,5543.0,-31.123991,0.0,178.625,0.0,46.4375,0.0,0.0,0.0,8711.504883,-26.110638,28.245491,-1.751406,4746.686035,79965.53125,19789.324219,19792.953125,102.21875,380660.59375,381447.5,0,FAOR,-26.108,28.246333,0.0,0.0,0.150391,0.005859,0.150391,0.033203,0.947049,0.0,8711.504883,254130.25,5518.971191,5232.0,5543.0,7373.064941,5501.966797,0.0,0.0,0.003361,-31.123991,-31.123991,22.25,23.75,1.0,0.131836,0.131836,0.131836,-9.53613,23.5,23.75,0,997.936066501896,,,,,,,,,,,,,,,,,,,,,,,,,,,,,,,,,,,,,,,,,1
1002395,1217,63.25,1266.0,15.733334,1,670.874146,0.0,5543.25,-30.772324,0.0,178.625,0.0,49.75,0.0,0.0,0.0,8628.216797,-26.110842,28.245428,-1.738507,4746.672852,79965.53125,19796.582031,19804.746094,102.085938,382234.375,384643.875,0,FAOR,-26.108,28.246333,0.0,0.0,0.148438,-0.032227,0.150391,-0.021484,0.93533,0.0,8628.216797,254130.25,5519.322754,5232.0,5543.25,7373.064941,5502.001953,-0.125,-0.125,0.003394,-30.772324,-30.772324,22.25,23.75,1.0,0.131836,0.131836,0.131836,-9.887692,23.5,23.75,0,1074.91590808661,,,,,,,,,,,,,,,,,,,,,,,,,,,,,,,,,,,,,,,,,1
1002395,1218,63.25,1266.0,15.733334,1,670.59137,0.0,5543.625,-30.420656,0.0,178.625,0.0,53.0,0.0,0.0,0.0,8372.916016,-26.111046,28.245365,-1.724687,4746.65918,79965.53125,19812.912109,19835.591797,102.359375,387053.40625,388293.84375,0,FAOR,-26.108,28.246333,0.0,0.0,0.148828,-0.032227,0.148438,-0.042969,0.949653,0.0,8372.916016,254130.25,5519.674316,5232.0,5543.625,7345.710449,5502.016602,0.125,0.125,0.253287,-30.420656,-30.420656,22.25,23.75,1.0,0.131836,0.131836,0.131836,-9.624021,23.25,23.75,0,1151.89609990065,,,,,,,,,,,,,,,,,,,,,,,,,,,,,,,,,,,,,,,,,1
1002395,1219,63.25,1266.0,15.733334,1,670.59137,0.0,5543.625,-30.005095,0.0,178.625,0.0,56.3125,0.0,0.0,0.0,7939.842773,-26.111279,28.245296,-1.709965,4746.644531,79965.53125,19858.271484,19890.023438,102.375,389534.28125,390879.625,0,FAOR,-26.108,28.246333,0.0,0.0,0.146875,-0.030273,0.144531,-0.021484,0.945313,0.0,7939.842773,254130.25,5520.090332,5232.0,5543.625,7345.710449,5502.695801,-0.125,-0.125,0.003463,-30.005095,-30.005095,22.25,23.75,1.0,0.124512,0.131836,0.117188,-9.53613,23.25,23.75,0,1239.55321231389,,,,,,,,,,,,,,,,,,,,,,,,,,,,,,,,,,,,,,,,,1
1002395,1220,63.25,1266.0,15.733334,1,670.59137,0.0,5544.0,-29.589533,0.0,178.625,0.0,59.5625,0.0,0.0,0.0,7324.187988,-26.111513,28.245226,-1.694323,4746.628906,79965.53125,19921.773438,19948.988281,102.523438,392224.96875,393439.75,0,FAOR,-26.108,28.246333,0.0,0.0,0.146875,-0.009766,0.146484,-0.039063,0.943576,0.0,7324.187988,254130.25,5520.505859,5234.0,5544.0,7348.143066,5503.417969,-0.25,-0.25,0.003497,-29.589533,-29.589533,22.25,23.75,1.0,0.131836,0.131836,0.131836,-9.711911,23.25,23.75,0,1327.65150162097,,,,,,,,,,,,,,,,,,,,,,,,,,,,,,,,,,,,,,,,0.0,1
1002395,1221,63.25,1266.0,15.733334,1,670.59137,0.0,5544.25,-29.192305,0.0,178.625,0.0,62.75,35.3125,0.052328,2358.645264,6718.555664,-26.111782,28.245142,-1.677778,4746.612305,79965.53125,19976.205078,19999.792969,102.585938,394654.5625,395303.5625,0,FAOR,-26.108,28.246333,0.0,0.0,0.145703,-0.016602,0.144531,0.019531,0.950955,2358.645264,6718.555664,254130.25,5520.902832,5233.0,5544.25,7346.926758,5503.970703,0.25,0.25,0.251533,-29.192305,-29.192305,22.25,23.75,1.0,0.131836,0.131836,0.131836,-9.448239,23.25,24.0,0,1429.2445344449,,,,,,,,,,,,,,,,,,,,,,,,,,,,,,,,,,,,,,,,0.0,1
1002395,1222,63.25,1266.0,15.733334,1,670.874146,3.865336,5544.5,-28.795076,70.625,178.625,0.104656,66.0,72.15625,0.104656,5322.422852,38861.917969,-26.112051,28.245058,-1.660347,4746.594727,79965.53125,20023.378906,20050.59375,102.726563,395952.59375,397182.3125,0,FAOR,-26.108,28.246333,3.9375,205.927689,0.146484,0.0,0.150391,-0.052734,0.938802,5322.422852,38861.917969,254130.25,5521.300293,5231.0,5544.5,7371.848633,5504.692871,-0.125,-0.125,0.001713,-28.795076,-28.795076,22.25,23.75,1.0,0.131836,0.131836,0.131836,-9.580075,23.5,24.0,0,1530.83758915273,,,,,,,,,,,,,,,,,,,,,,,,,,,,,,,,,,,,,,,,0.1932668,1
1002395,1223,63.25,1266.0,15.733334,1,670.874146,3.865336,5544.875,-28.411785,73.6875,178.625,0.104656,69.1875,74.4375,0.108252,5416.568848,40695.1875,-26.112349,28.244967,-1.642014,4746.57666,79965.53125,20077.808594,20089.601563,102.84375,398412.0625,399153.8125,0,FAOR,-26.108,28.246333,3.9375,205.927689,0.144531,0.016602,0.150391,0.052734,0.944444,5416.568848,40695.1875,254130.25,5521.683594,5233.0,5544.875,7374.280762,5505.52832,-0.25,-0.25,0.001746,-28.411785,-28.411785,22.25,23.75,1.0,0.131836,0.131836,0.131836,-9.448239,23.5,24.25,0,1643.19888602241,,,,,,,,,,,,,,,,,,,,,,,,,,,,,,,,,,,,,,,,0.3865336,1
1002395,1224,63.25,1266.0,15.733334,1,670.874146,2.030157,5545.125,-28.028494,75.1875,178.625,0.111848,72.3125,77.03125,0.111848,5592.119629,42569.28125,-26.112648,28.244873,-1.622795,4746.557129,80001.8125,20101.396484,20122.261719,102.789063,399895.59375,400669.9375,0,FAOR,-26.108,28.246333,2.125,212.167908,0.142969,0.022461,0.142578,-0.019531,0.946181,5592.119629,42569.28125,254130.25,5522.066895,5232.0,5545.125,7373.064941,5505.540039,0.25,0.25,0.501496,-28.028494,-28.028494,22.25,23.75,1.0,0.131836,0.131836,0.131836,-9.36035,23.5,24.25,0,1756.17869702525,,,,,,,,,,,,,,,,,,,,,,,,,,,,,,,,,,,,,,,,0.48804145,1
1002395,1225,63.25,1266.0,15.733334,1,670.874146,2.030157,5545.25,-27.589304,78.875,178.625,0.111848,75.5,80.90625,0.116808,5909.446289,47551.808594,-26.112972,28.244772,-1.602708,4746.537109,80001.8125,20143.126953,20153.105469,102.828125,401444.28125,402328.4375,0,FAOR,-26.108,28.246333,2.125,212.167908,0.141406,0.066406,0.142578,0.064453,0.945313,5909.446289,47551.808594,254130.25,5522.505859,5234.0,5545.25,7375.49707,5506.115723,0.125,0.125,0.501531,-27.589304,-27.589304,22.25,23.75,1.0,0.131836,0.131836,0.131836,-8.964842,23.5,24.25,0,1878.52801715087,,,,,,,,,,,,,,,,,,,,,,,,,,,,,,,,,,,,,,,,0.5895493,1
1002395,1226,63.25,1266.0,15.733334,1,670.874146,3.475072,5545.625,-27.150114,82.9375,178.625,0.121768,78.625,83.78125,0.121768,6181.668457,52061.441406,-26.113297,28.244671,-1.581736,4746.516113,80001.8125,20163.083984,20171.25,102.851563,403212.59375,404033.625,0,FAOR,-26.108,28.246333,3.59375,209.794876,0.140234,0.041992,0.144531,0.068359,0.947049,6181.668457,52061.441406,254130.25,5522.945313,5233.0,5545.625,7374.280762,5506.803223,0.125,0.125,0.376637,-27.150114,-27.150114,22.25,23.75,1.0,0.131836,0.131836,0.131836,-5.844725,23.5,24.25,0,2001.22708207199,,,,,,,,,,,,,,,,,,,,,,,,,,,,,,,,,,,,,,,,0.7633029,1
1002395,1227,63.25,1266.0,15.733334,1,670.874146,3.475072,5545.875,-26.670813,84.625,178.625,0.121768,81.6875,87.28125,0.127224,6476.850586,53816.855469,-26.113646,28.24456,-1.559896,4746.494629,80001.8125,20179.414063,20199.371094,102.84375,404854.625,405599.46875,0,FAOR,-26.108,28.246333,3.59375,209.794876,0.1375,-0.005859,0.138672,0.015625,0.939236,6476.850586,53816.855469,254130.25,5523.424316,5233.0,5545.875,7374.280762,5507.463867,0.0,0.0,2.8e-05,-26.670813,-26.670813,22.25,23.75,1.0,0.131836,0.131836,0.131836,-3.867187,23.5,24.5,0,2133.2143843104,,,,,,,,,,,,,,,,,,,,,,,,,,,,,,,,,,,,,,,,0.9370565,1
1002395,1228,63.25,1266.0,15.733334,1,670.874146,3.28094,5546.25,-26.191513,89.9375,178.625,0.13268,84.8125,90.90625,0.13268,6919.204102,63797.230469,-26.113997,28.244452,-1.537205,4746.47168,80038.09375,20219.330078,20234.751953,102.851563,406344.3125,407158.5,0,FAOR,-26.108,28.246333,3.46875,214.013611,0.139844,-0.005859,0.138672,-0.027344,0.939236,6919.204102,63797.230469,254130.25,5523.903809,5232.0,5546.25,7373.064941,5508.169434,0.125,0.125,0.124993,-26.191513,-26.191513,22.25,23.75,1.0,0.131836,0.131836,0.131836,-1.362304,23.5,24.5,0,2265.63271320673,,,,,,,,,,,,,,,,,,,,,,,,,,,,,,,,,,,,,,,,1.1011035,1
1002395,1229,63.25,1266.0,15.733334,1,670.874146,3.28094,5546.625,-25.689219,91.875,178.625,0.13268,87.875,93.34375,0.136896,7056.181641,63360.191406,-26.114372,28.244333,-1.513646,4746.448242,80038.09375,20250.173828,20239.289063,102.875,407972.6875,407592.53125,0,FAOR,-26.108,28.246333,3.46875,214.013611,0.1375,0.040039,0.142578,0.015625,0.948785,7056.181641,63360.191406,254130.25,5524.405762,5232.0,5546.625,7373.064941,5508.733398,0.0,0.0,0.125026,-25.689219,-25.689219,22.25,23.75,1.0,0.131836,0.131836,0.131836,-0.878906,23.5,24.75,0,2407.42868326485,,,,,,,,,,,,,,,,,,,,,,,,,,,,,,,,,,,,,,,,1.2651505,1
1002395,1230,63.25,1266.0,15.733334,1,671.156738,3.177451,5546.875,-25.186924,94.8125,178.625,0.141112,90.875,96.0,0.141112,7374.050293,69985.15625,-26.11475,28.244217,-1.489236,4746.423828,80038.09375,20228.402344,20246.546875,102.75,407212.375,408402.625,0,FAOR,-26.108,28.246333,3.25,207.246048,0.137109,0.014648,0.136719,0.064453,0.949653,7374.050293,69985.15625,254130.25,5524.908203,5234.0,5546.875,7402.822754,5508.611816,0.0,0.0,0.249988,-25.186924,-25.186924,22.25,23.75,1.0,0.131836,0.131836,0.131836,-0.527344,23.75,24.75,0,2550.00557175318,,,,,,,,,,,,,,,,,,,,,,,,,,,,,,,,,,,,,,,,1.42402305,1
1002395,1231,63.25,1266.0,15.733334,1,670.874146,3.177451,5547.375,-24.66839,97.1875,178.625,0.141112,93.875,98.625,0.144956,7669.44873,74722.359375,-26.11515,28.244091,-1.463993,4746.398438,80038.09375,20264.689453,20275.574219,102.789063,409592.90625,410267.0,0,FAOR,-26.108,28.246333,3.25,207.246048,0.135937,-0.025391,0.138672,-0.035156,0.940972,7669.44873,74722.359375,254130.25,5525.426758,5233.0,5547.375,7374.280762,5509.380859,0.125,0.125,0.250022,-24.66839,-24.66839,22.25,23.75,1.0,0.131836,0.131836,0.131836,-0.351562,23.5,24.75,0,2701.17103207275,,,,,,,,,,,,,,,,,,,,,,,,,,,,,,,,,,,,,,,,1.5828956,1
1002395,1232,63.25,1266.0,15.733334,1,670.874146,2.286712,5547.625,-24.149858,100.0625,178.625,0.1488,96.875,101.53125,0.1488,8028.507324,82275.65625,-26.115553,28.243965,-1.437917,4746.372559,80110.65625,20286.460938,20291.904297,102.773438,410941.125,411479.59375,0,FAOR,-26.108,28.246333,2.4375,215.419861,0.133594,-0.011719,0.136719,-0.015625,0.938368,8028.507324,82275.65625,254130.25,5525.945313,5234.0,5547.625,7375.49707,5510.158203,0.125,0.125,0.125129,-24.149858,-24.149858,22.25,23.75,1.0,0.131836,0.131836,0.131836,-0.175781,23.5,24.75,0,2853.38573665525,,,,,,,,,,,,,,,,,,,,,,,,,,,,,,,,,,,,,,,,1.6972312,1
1002395,1233,63.25,1266.0,15.733334,1,670.874146,2.286712,5547.875,-23.633163,103.0,178.625,0.1488,99.8125,105.15625,0.154132,8249.603516,83233.53125,-26.115978,28.243832,-1.411007,4746.345703,80110.65625,20297.347656,20305.511719,102.773438,412018.0625,412444.125,0,FAOR,-26.108,28.246333,2.4375,215.419861,0.130078,0.018555,0.126953,-0.007813,0.94401,8249.603516,83233.53125,254130.25,5526.461914,5232.0,5547.875,7373.064941,5510.763672,0.125,0.125,0.124929,-23.633163,-23.633163,22.25,23.75,1.0,0.131836,0.131836,0.131836,-0.087891,23.5,25.0,0,3013.92076634942,,,,,,,,,,,,,,,,,,,,,,,,,,,,,,,,,,,,,,,,1.8115668,1
1002395,1234,63.25,1266.0,15.733334,1,670.874146,3.815055,5548.125,-23.116468,107.3125,178.625,0.159464,102.75,108.65625,0.159464,8651.250977,91862.632813,-26.116405,28.243698,-1.383281,4746.317871,80110.65625,20313.675781,20320.933594,102.71875,412870.21875,413549.4375,0,FAOR,-26.108,28.246333,3.9375,209.531204,0.132813,0.035156,0.130859,0.044922,0.943576,8651.250977,91862.632813,254130.25,5526.978516,5232.0,5548.125,7373.064941,5511.339844,0.0,0.0,0.0,-23.116468,-23.116468,22.25,23.75,1.0,0.131836,0.131836,0.131836,-0.043945,23.5,25.0,0,3175.24465664252,,,,,,,,,,,,,,,,,,,,,,,,,,,,,,,,,,,,,,,,2.00231955,1
1002395,1235,63.25,1266.0,15.733334,1,670.874146,3.815055,5548.125,-22.567551,110.0,178.625,0.159464,105.6875,111.8125,0.163928,8978.985352,97320.125,-26.116858,28.243557,-1.35474,4746.289063,80110.65625,20328.191406,20324.5625,102.765625,414228.65625,413736.8125,0,FAOR,-26.108,28.246333,3.9375,209.531204,0.129297,0.037109,0.132813,0.025391,0.947917,8978.985352,97320.125,254130.25,5527.527832,5231.0,5548.125,7371.848633,5512.664063,0.0,0.0,0.0,-22.567551,-22.567551,22.25,23.75,1.0,0.131836,0.131836,0.131836,0.0,23.5,25.25,0,3346.2879188432,,,,,,,,,,,,,,,,,,,,,,,,,,,,,,,,,,,,,,,,2.1930723,1
1002395,1236,63.25,1266.0,15.733334,1,671.156738,4.395741,5548.125,-22.018635,113.625,178.625,0.168392,108.5625,114.46875,0.168392,9179.193359,100644.578125,-26.11731,28.243416,-1.325382,4746.259766,80110.65625,20320.933594,20328.191406,102.640625,413244.9375,414295.0,0,FAOR,-26.108,28.246333,4.46875,205.576126,0.126563,0.041992,0.132813,0.048828,0.938802,9179.193359,100644.578125,254130.25,5528.07666,5231.0,5548.125,7399.174805,5513.253418,0.25,0.25,0.249858,-22.018635,-22.018635,22.25,23.75,1.0,0.131836,0.131836,0.131836,0.0,23.75,25.25,0,3516.98139337496,,,,,,,,,,,,,,,,,,,,,,,,,,,,,,,,,,,,,,,,2.41285935,1
1002395,1237,63.25,1266.0,15.733334,1,670.874146,4.395741,5548.125,-21.414845,115.3125,178.625,0.168392,111.4375,116.96875,0.172236,9491.428711,104904.65625,-26.117785,28.243267,-1.295226,4746.22998,80110.65625,20335.449219,20347.242188,102.648438,415345.03125,415751.5625,0,FAOR,-26.108,28.246333,4.46875,205.576126,0.124219,0.037109,0.130859,0.035156,0.94401,9491.428711,104904.65625,254130.25,5528.680176,5232.0,5548.125,7373.064941,5513.802246,0.125,0.125,0.124929,-21.414845,-21.414845,22.25,23.75,1.0,0.131836,0.131836,0.131836,0.0,23.5,25.25,0,3696.43427516173,,,,,,,,,,,,,,,,,,,,,,,,,,,,,,,,,,,,,,,,2.6326464,1
1002395,1238,63.25,1266.0,15.733334,1,670.874146,3.608926,5548.25,-20.811056,118.625,178.625,0.17608,114.3125,121.28125,0.17608,9793.773438,112255.335938,-26.118259,28.243118,-1.264271,4746.19873,80110.65625,20359.037109,20363.574219,102.648438,416158.125,416550.09375,0,FAOR,-26.108,28.246333,3.65625,204.433548,0.122266,0.05957,0.121094,0.039063,0.945313,9793.773438,112255.335938,254130.25,5529.28418,5231.0,5548.25,7371.848633,5514.616211,0.125,0.125,0.124929,-20.811056,-20.811056,22.25,23.75,1.0,0.131836,0.131836,0.131836,0.0,23.5,25.5,0,3875.53734299721,,,,,,,,,,,,,,,,,,,,,,,,,,,,,,,,,,,,,,,,2.8130927,1
1002395,1239,63.25,1266.0,15.733334,1,670.874146,3.608926,5548.25,-20.192322,123.9375,178.625,0.17608,117.1875,123.875,0.180172,10260.911133,128595.898438,-26.118759,28.242962,-1.232517,4746.166992,80110.65625,20368.109375,20380.808594,102.539063,416942.0625,417041.75,0,FAOR,-26.108,28.246333,3.65625,204.433548,0.119922,0.075195,0.117188,0.080078,0.940538,10260.911133,128595.898438,254130.25,5529.902832,5230.0,5548.25,7370.632813,5515.35498,-0.25,-0.25,0.0,-20.192322,-20.192322,22.25,23.75,1.0,0.131836,0.131836,0.131836,0.0,23.5,25.5,0,4064.35979634829,,,,,,,,,,,,,,,,,,,,,,,,,,,,,,,,,,,,,,,,2.993539,1
1002395,1240,63.25,1266.0,15.733334,1,671.156738,3.204675,5548.25,-19.573587,123.8125,178.625,0.184264,120.0,126.03125,0.184264,10312.229492,120521.039063,-26.119259,28.242805,-1.199965,4746.134277,80146.9375,20393.509766,20406.210938,102.617188,417141.4375,416819.5,0,FAOR,-26.108,28.246333,3.25,204.78511,0.120312,0.067383,0.113281,0.070313,0.943576,10312.229492,120521.039063,254130.25,5530.521484,5228.0,5548.25,7395.527344,5515.904297,0.25,0.25,0.124929,-19.573587,-19.573587,22.25,23.75,1.0,0.131836,0.131836,0.131836,0.0,23.75,26.0,0,4253.2715328764,,,,,,,,,,,,,,,,,,,,,,,,,,,,,,,,,,,,,,,,3.15377275,1
1002395,1241,63.25,1266.0,15.733334,1,671.43927,3.204675,5547.875,-18.930084,128.25,178.625,0.184264,122.75,129.15625,0.188604,10640.977539,130635.15625,-26.119781,28.242643,-1.166632,4746.101074,80146.9375,20418.910156,20384.4375,102.492188,416497.59375,415234.4375,0,FAOR,-26.108,28.246333,3.25,204.78511,0.11875,0.038086,0.115234,0.064453,0.956163,10640.977539,130635.15625,254130.25,5531.165039,5230.0,5547.875,7425.257324,5516.453613,0.0,0.0,0.0,-18.930084,-18.930084,22.25,23.75,1.0,0.131836,0.131836,0.131836,-0.043945,24.0,26.25,0,4450.32492128587,,,,,,,,,,,,,,,,,,,,,,,,,,,,,,,,,,,,,,,,3.3140065,1
1002395,1242,63.25,1266.0,15.733334,1,671.43927,3.026621,5547.875,-18.286579,130.0625,178.625,0.192944,125.4375,131.0625,0.192944,11078.458008,138808.296875,-26.120304,28.242479,-1.132535,4746.066895,80146.9375,20349.964844,20269.226563,101.890625,413971.25,413659.25,0,FAOR,-26.108,28.246333,3.1875,213.486267,0.116016,0.020508,0.117188,0.011719,0.94401,11078.458008,138808.296875,254130.25,5531.808594,5227.0,5547.875,7421.610352,5517.222168,0.25,0.25,0.124929,-18.286579,-18.286579,22.25,23.75,1.0,0.131836,0.131836,0.131836,-0.087891,24.0,26.5,0,4647.90666079911,,,,,,,,,,,,,,,,,,,,,,,,,,,,,,,,,,,,,,,,3.27207075,1
1002395,1243,63.25,1266.0,15.733334,1,671.721619,3.026621,5547.625,-17.633787,132.0625,178.625,0.192944,128.125,133.3125,0.19592,11127.618164,137283.5,-26.12085,28.24231,-1.097691,4746.032227,80146.9375,20188.486328,20144.941406,101.914063,413347.21875,412630.375,0,FAOR,-26.108,28.246333,3.1875,213.486267,0.118359,0.025391,0.125,0.029297,0.94184,11127.618164,137283.5,254130.25,5532.461426,5225.0,5547.625,7446.450195,5517.759766,0.125,0.125,0.124929,-17.633787,-17.633787,22.25,23.75,1.0,0.131836,0.131836,0.131836,0.0,24.25,26.5,0,4853.97990078077,,,,,,,,,,,,,,,,,,,,,,,,,,,,,,,,,,,,,,,,3.230135,1
1002395,1244,63.25,1266.0,15.733334,1,671.721619,3.600487,5547.75,-16.980995,134.5625,178.625,0.198896,130.8125,136.6875,0.198896,11344.80957,142519.6875,-26.121397,28.24214,-1.062101,4745.996582,80183.226563,20101.396484,20030.636719,101.546875,411913.5,411479.09375,0,FAOR,-26.108,28.246333,3.65625,205.312454,0.116797,0.040039,0.123047,0.021484,0.942708,11344.80957,142519.6875,254130.25,5533.114258,5227.0,5547.75,7448.880859,5518.98291,0.0,0.0,0.0,-16.980995,-16.980995,22.25,23.75,1.0,0.131836,0.131836,0.131836,0.0,24.25,26.5,0,5060.49219492284,,,,,,,,,,,,,,,,,,,,,,,,,,,,,,,,,,,,,,,,3.3086515,1
1002395,1245,63.25,1266.0,15.733334,1,671.721619,3.600487,5547.75,-16.327494,138.8125,178.625,0.198896,133.4375,139.6875,0.20398,11741.151367,152518.046875,-26.121964,28.241961,-1.025764,4745.960449,80183.226563,19959.875,19935.380859,101.304688,411044.6875,410961.75,0,FAOR,-26.108,28.246333,3.65625,205.312454,0.1125,0.038086,0.115234,0.058594,0.949219,11741.151367,152518.046875,254130.25,5533.767578,5225.0,5547.75,7446.450195,5519.743164,0.0,0.0,0.0,-16.327494,-16.327494,22.25,23.75,1.0,0.131836,0.131836,0.131836,0.0,24.25,26.5,0,5274.80363771158,,,,,,,,,,,,,,,,,,,,,,,,,,,,,,,,,,,,,,,,3.387168,1
1002395,1246,63.25,1266.0,15.733334,1,671.721619,3.644461,5547.75,-15.673992,140.5625,178.625,0.209064,136.0,141.46875,0.209064,12173.90625,158540.78125,-26.122532,28.241783,-0.988698,4745.92334,80183.226563,19910.886719,19846.476563,101.125,410878.84375,410025.1875,0,FAOR,-26.108,28.246333,3.875,215.24408,0.109375,-0.003906,0.107422,0.017578,0.946615,12173.90625,158540.78125,254130.25,5534.421387,5226.0,5547.75,7447.665527,5520.408691,0.125,0.125,0.124929,-15.673992,-15.673992,22.25,23.75,1.0,0.131836,0.131836,0.131836,0.0,24.25,26.75,0,5489.37557512432,,,,,,,,,,,,,,,,,,,,,,,,,,,,,,,,,,,,,,,,3.39563745,1
1002395,1247,63.25,1266.0,15.733334,1,671.721619,3.644461,5547.75,-14.954978,142.375,178.625,0.209064,138.5,144.15625,0.212164,12334.895508,159555.046875,-26.123121,28.241598,-0.95092,4745.885254,80183.226563,19782.066406,19733.986328,100.75,409171.53125,409683.75,0,FAOR,-26.108,28.246333,3.875,215.24408,0.109766,-0.00293,0.109375,-0.025391,0.940538,12334.895508,159555.046875,254130.25,5535.140137,5226.0,5547.75,7447.665527,5520.984863,0.25,0.25,0.249858,-14.954978,-14.954978,22.25,23.75,1.0,0.131836,0.131836,0.131836,0.0,24.25,27.0,0,5711.91797118687,,,,,,,,,,,,,,,,,,,,,,,,,,,,,,,,,,,,,,,,3.4041069,1
1002395,1248,63.25,1266.0,15.733334,1,671.43927,4.420884,5547.875,-14.235964,145.9375,178.625,0.215264,141.0,146.78125,0.215264,12589.331055,167780.734375,-26.123711,28.241413,-0.912448,4745.847168,80219.507813,19685.90625,19647.804688,100.609375,410195.9375,408875.71875,0,FAOR,-26.108,28.246333,4.46875,203.730423,0.101563,0.001953,0.107422,0.019531,0.940538,12589.331055,167780.734375,254130.25,5535.859375,5226.0,5547.875,7420.394531,5521.71875,-0.375,-0.375,0.374788,-14.235964,-14.235964,22.25,23.75,1.0,0.131836,0.131836,0.131836,0.0,24.0,27.0,0,5934.81009567485,,,,,,,,,,,,,,,,,,,,,,,,,,,,,,,,,,,,,,,,3.4611041,1
1002395,1249,63.25,1266.0,15.733334,1,671.721619,4.420884,5548.0,-13.490441,147.625,178.625,0.215264,143.4375,148.875,0.218612,12757.490234,168224.265625,-26.124321,28.241224,-0.873281,4745.807617,80219.507813,19609.703125,19580.671875,100.273438,407555.5,408409.34375,0,FAOR,-26.108,28.246333,4.46875,203.730423,0.095312,0.006836,0.091797,-0.015625,0.952691,12757.490234,168224.265625,254130.25,5536.60498,5223.0,5548.0,7444.019043,5522.38916,0.125,0.125,0.0,-13.490441,-13.490441,22.25,23.75,1.0,0.131836,0.131836,0.131836,0.0,24.25,27.0,0,6165.05508673153,,,,,,,,,,,,,,,,,,,,,,,,,,,,,,,,,,,,,,,,3.5181013,1
1002395,1250,63.25,1266.0,15.733334,1,671.43927,3.307727,5548.25,-12.744919,150.125,178.625,0.22196,145.8125,150.5625,0.22196,13126.538086,178553.3125,-26.124931,28.241034,-0.833438,4745.768066,80219.507813,19551.642578,19578.857422,100.34375,409263.1875,409263.78125,0,FAOR,-26.108,28.246333,3.3125,198.369095,0.096875,0.016602,0.09375,0.029297,0.950087,13126.538086,178553.3125,254130.25,5537.350098,5223.0,5548.25,7416.747559,5522.989746,0.125,0.125,0.124929,-12.744919,-12.744919,22.25,23.75,1.0,0.131836,0.131836,0.131836,0.0,24.0,27.0,0,6395.38929155117,,,,,,,,,,,,,,,,,,,,,,,,,,,,,,,,,,,,,,,,3.5246151,1
1002395,1251,63.25,1266.0,15.733334,1,671.43927,3.307727,5548.625,-11.998155,151.0,178.625,0.22196,148.1875,152.78125,0.225556,13330.549805,177129.703125,-26.125563,28.240837,-0.792934,4745.727539,80219.507813,19606.072266,19610.609375,100.289063,409264.375,409677.34375,0,FAOR,-26.108,28.246333,3.3125,198.369095,0.097266,-0.006836,0.091797,0.003906,0.940104,13330.549805,177129.703125,254130.25,5538.097168,5226.0,5548.625,7420.394531,5524.382813,0.0,0.0,0.0,-11.998155,-11.998155,22.25,23.75,1.0,0.131836,0.131836,0.131836,0.0,24.0,27.0,0,6634.04373524955,,,,,,,,,,,,,,,,,,,,,,,,,,,,,,,,,,,,,,,,3.5311289,1
1002395,1252,63.25,1266.0,15.733334,1,671.43927,3.388498,5549.125,-11.25139,154.5625,178.625,0.229152,150.5,155.0,0.229152,13698.776367,189780.359375,-26.126194,28.240641,-0.751771,4745.686523,80219.507813,19615.144531,19611.515625,100.320313,410090.3125,409860.3125,0,FAOR,-26.108,28.246333,3.46875,207.59761,0.098047,-0.014648,0.095703,-0.017578,0.93316,13698.776367,189780.359375,254130.25,5538.84375,5224.0,5549.125,7417.963379,5526.008789,0.375,0.375,0.374788,-11.25139,-11.25139,22.25,23.75,1.0,0.131836,0.131836,0.131836,-0.043945,24.0,27.25,0,6872.25910091323,,,,,,,,,,,,,,,,,,,,,,,,,,,,,,,,,,,,,,,,3.5862182,1
1002395,1253,63.25,1266.0,15.733334,1,671.43927,3.388498,5549.625,-10.473841,155.4375,178.625,0.229152,152.8125,156.65625,0.23126,13727.536133,185072.15625,-26.126844,28.240437,-0.709965,4745.644531,80219.507813,19607.888672,19613.332031,100.195313,409630.28125,409905.0625,0,FAOR,-26.108,28.246333,3.46875,207.59761,0.095703,-0.037109,0.09375,-0.011719,0.93967,13727.536133,185072.15625,254130.25,5539.621582,5223.0,5549.625,7416.747559,5527.258301,0.25,0.25,0.249858,-10.473841,-10.473841,22.25,23.75,1.0,0.131836,0.131836,0.131836,0.0,24.0,27.25,0,7117.83444661401,,,,,,,,,,,,,,,,,,,,,,,,,,,,,,,,,,,,,,,,3.6413075,1
1002395,1254,63.25,1266.0,15.733334,1,671.43927,2.301144,5550.0,-9.696293,157.875,178.625,0.233368,155.125,159.65625,0.233368,13965.566406,194738.390625,-26.127495,28.240234,-0.667517,4745.602051,80219.507813,19618.773438,19636.917969,100.234375,410179.875,410307.125,0,FAOR,-26.108,28.246333,2.375,209.531204,0.094141,-0.041016,0.095703,-0.0625,0.947049,13965.566406,194738.390625,254130.25,5540.398926,5223.0,5550.0,7416.747559,5527.789063,0.375,0.375,0.374788,-9.696293,-9.696293,22.25,23.75,1.0,0.131836,0.131836,0.131836,0.0,24.0,27.25,0,7363.67032836122,,,,,,,,,,,,,,,,,,,,,,,,,,,,,,,,,,,,,,,,3.56561195,1
1002395,1255,63.25,1266.0,15.733334,1,671.43927,2.301144,5550.5,-8.914339,161.4375,178.625,0.233368,157.375,162.625,0.237584,14311.125,204188.625,-26.128164,28.240026,-0.624427,4745.559082,80219.507813,19655.0625,19663.226563,100.195313,410434.34375,411252.25,0,FAOR,-26.108,28.246333,2.375,209.531204,0.095703,-0.006836,0.09375,-0.019531,0.952691,14311.125,204188.625,254130.25,5541.180664,5224.0,5550.5,7417.963379,5528.945801,0.25,0.25,0.249858,-8.914339,-8.914339,22.25,23.75,1.0,0.131836,0.131836,0.131836,0.0,24.0,27.25,0,7616.24878117006,,,,,,,,,,,,,,,,,,,,,,,,,,,,,,,,,,,,,,,,3.4899164,1
1002395,1256,63.25,1266.0,15.733334,1,671.156738,3.582434,5551.25,-8.132385,163.8125,178.625,0.2418,159.5625,165.125,0.2418,14594.393555,206313.421875,-26.128836,28.239817,-0.580712,4745.515137,80219.507813,19671.390625,19683.183594,100.242188,412070.125,412089.125,0,FAOR,-26.108,28.246333,3.625,204.081985,0.093359,0.030273,0.089844,0.005859,0.952691,14594.393555,206313.421875,254130.25,5541.962891,5223.0,5551.25,7389.448242,5529.569336,0.375,0.375,0.374788,-8.132385,-8.132385,22.25,23.75,1.0,0.131836,0.131836,0.131836,0.0,23.75,27.25,0,7869.96580744219,,,,,,,,,,,,,,,,,,,,,,,,,,,,,,,,,,,,,,,,3.44925105,1
1002395,1257,63.25,1266.0,15.733334,1,671.156738,3.582434,5552.25,-7.347047,166.4375,178.625,0.2418,161.6875,166.8125,0.244776,14822.601563,212356.140625,-26.129522,28.239601,-0.536389,4745.470703,80219.507813,19694.976563,19690.441406,100.21875,412108.15625,412095.125,0,FAOR,-26.108,28.246333,3.625,204.081985,0.092969,0.069336,0.101563,0.054688,0.942274,14822.601563,212356.140625,254130.25,5542.748047,5225.0,5552.25,7391.879883,5530.767578,0.0,0.0,0.0,-7.347047,-7.347047,22.25,23.75,1.0,0.131836,0.131836,0.131836,0.0,23.75,27.5,0,8129.20444184285,,,,,,,,,,,,,,,,,,,,,,,,,,,,,,,,,,,,,,,,3.4085857,1
1002395,1258,63.25,1266.0,15.733334,1,671.156738,2.889849,5553.75,-6.561709,167.1875,178.625,0.247752,163.75,168.46875,0.247752,15084.301758,215489.953125,-26.130211,28.239386,-0.491476,4745.425781,80219.507813,19685.90625,19695.884766,100.148438,412082.125,412972.6875,0,FAOR,-26.108,28.246333,3.09375,216.298767,0.0875,0.054688,0.09375,0.083984,0.953125,15084.301758,215489.953125,254130.25,5543.533691,5226.0,5553.75,7393.095703,5532.135254,0.625,0.625,0.624646,-6.561709,-6.561709,22.25,23.75,1.0,0.13916,0.146484,0.131836,-0.043945,23.75,27.5,0,8389.40328308065,,,,,,,,,,,,,,,,,,,,,,,,,,,,,,,,,,,,,,,,3.37263185,1
1002395,1259,63.25,1266.0,15.733334,1,670.874146,2.889849,5555.375,-5.716763,169.75,178.625,0.247752,165.75,170.09375,0.24986,15265.566406,221693.875,-26.130917,28.239164,-0.44599,4745.380371,80219.507813,19705.863281,19724.007813,100.179688,413863.28125,413746.375,0,FAOR,-26.108,28.246333,3.09375,216.298767,0.088672,0.040039,0.085938,0.025391,0.94184,15265.566406,221693.875,254130.25,5544.378418,5227.0,5555.375,7366.984375,5533.540527,0.375,0.375,0.374788,-5.716763,-5.716763,22.25,23.75,1.0,0.131836,0.131836,0.131836,0.0,23.5,27.5,0,8656.17320482324,,,,,,,,,,,,,,,,,,,,,,,,,,,,,,,,,,,,,,,,3.336678,1
1002395,1260,63.25,1266.0,15.733334,1,671.156738,2.080767,5557.375,-4.871818,170.4375,178.625,0.251968,167.8125,171.28125,0.251968,15450.173828,225212.59375,-26.131622,28.238943,-0.399948,4745.334473,80110.65625,19742.150391,19757.574219,100.125,413629.4375,413694.375,0,FAOR,-26.108,28.246333,2.15625,210.585876,0.085938,0.057617,0.083984,0.054688,0.939236,15450.173828,225212.59375,254130.25,5545.223633,5227.0,5557.375,7394.311523,5534.020996,0.5,0.5,0.499717,-4.871818,-4.871818,22.25,23.75,1.0,0.131836,0.131836,0.131836,4.39453,23.75,27.5,0,8922.50404011098,,,,,,,,,,,,,,,,,,,,,,,,,,,,,,,,,,,,,,,,3.2804826,1
1002395,1261,63.25,1266.0,15.733334,1,671.156738,2.080767,5559.375,-3.98902,172.125,178.625,0.251968,169.875,172.53125,0.253704,15848.580078,242691.4375,-26.132345,28.238716,-0.353333,4745.288086,80110.65625,19772.996094,19763.015625,100.203125,413759.28125,414411.125,0,FAOR,-26.108,28.246333,2.15625,210.585876,0.094531,0.010742,0.085938,0.060547,0.93967,15848.580078,242691.4375,254130.25,5546.105957,5224.0,5559.375,7390.664063,5534.812012,0.25,0.25,0.249858,-3.98902,-3.98902,22.25,23.75,1.0,0.131836,0.131836,0.131836,10.810544,23.75,27.5,0,9195.66659898432,,,,,,,,,,,,,,,,,,,,,,,,,,,,,,,,,,,,,,,,3.2242872,1
1002395,1262,63.25,1266.0,15.733334,1,670.874146,0.172118,5562.0,-3.106222,172.9375,178.625,0.25544,171.8125,173.0625,0.25544,16999.041016,280788.59375,-26.133068,28.238491,-0.306146,4745.240723,80110.65625,19753.037109,19743.964844,100.1875,415062.96875,414475.78125,0,FAOR,-26.108,28.246333,0.65625,270.17572,0.115234,-0.024414,0.09375,-0.039063,0.946615,16999.041016,280788.59375,254130.25,5546.98877,5204.0,5562.0,7339.013184,5535.521484,-0.375,-0.375,0.0,-3.106222,-3.106222,22.25,23.75,1.0,0.131836,0.131836,0.131836,8.481443,23.5,27.5,0,9468.65067773033,,,,,,,,,,,,,,,,,,,,,,,,,,,,,,,,,,,,,,,,3.08156205,1
1002395,1263,63.25,1266.0,15.733334,1,671.156738,0.172118,5565.625,-2.327292,173.1875,178.625,0.25544,173.6875,173.5625,0.256184,19253.835938,334018.5625,-26.133808,28.23826,-0.25842,4745.192871,80110.65625,19734.894531,19742.152344,100.148438,413888.59375,414035.9375,0,FAOR,-26.108,28.246333,0.65625,270.17572,0.144531,-0.037109,0.132813,-0.009766,0.932726,19253.835938,334018.5625,254130.25,5547.768066,5197.0,5565.625,7357.834473,5536.843262,-1.125,-1.125,0.0,-2.327292,-2.327292,22.25,23.75,1.0,0.13916,0.146484,0.131836,7.910154,23.75,27.5,0,9748.11665712719,,,,,,,,,,,,,,,,,,,,,,,,,,,,,,,,,,,,,,,,2.9388369,1
1002395,1264,63.25,1266.0,15.733334,1,671.156738,-2.623495,5570.5,-1.548362,173.9375,178.625,0.256928,175.5,174.8125,0.256928,21841.736328,380787.6875,-26.13455,28.238028,-0.210174,4745.144531,79929.25,19749.408203,19750.316406,100.15625,414183.3125,414187.78125,0,FAOR,-26.108,28.246333,2.75,357.890533,0.167578,-0.001953,0.162109,-0.064453,0.924479,21841.736328,380787.6875,254130.25,5548.546875,5189.0,5570.5,7348.106445,5538.626953,-1.75,-1.75,0.0,-1.548362,-1.548362,22.25,23.75,1.0,0.131836,0.131836,0.131836,8.481443,23.75,27.75,0,10028.3713504656,,,,,,,,,,,,,,,,,,,,,,,,,,,,,,,,,,,,,,,,2.6276378,1
1002395,1265,63.25,1266.0,15.733334,1,671.156738,-2.623495,5574.5,-1.07,175.6875,178.625,0.256928,177.1875,175.9375,0.258416,23836.822266,415613.8125,-26.135305,28.237793,-0.161424,4745.096191,79929.25,19751.222656,19758.480469,100.070313,414192.25,414283.375,0,FAOR,-26.108,28.246333,2.75,357.890533,0.183594,0.055664,0.181641,0.060547,0.948785,23836.822266,415613.8125,254130.25,5549.025391,5185.0,5574.5,7343.242676,5539.491699,-2.375,-2.375,0.0,-1.07,-1.07,22.25,23.75,1.0,0.13916,0.146484,0.131836,11.206052,23.75,27.75,0,10313.4411228371,,,,,,,,,,,,,,,,,,,,,,,,,,,,,,,,,,,,,,,,2.3164387,1
1002395,1266,63.25,1266.0,15.733334,1,671.156738,-4.546222,5577.875,-0.591639,176.1875,178.625,0.259904,178.6875,177.40625,0.259904,26581.443359,451362.84375,-26.136059,28.23756,-0.112205,4745.046875,79929.25,19765.738281,19772.087891,100.109375,414374.5,414471.75,0,FAOR,-26.108,28.246333,4.65625,2.812499,0.2,0.036133,0.185547,0.050781,0.957465,26581.443359,451362.84375,254130.25,5549.503418,5183.0,5577.875,7340.811035,5539.925781,-2.875,-2.875,0.0,-0.591639,-0.591639,22.25,23.75,1.0,0.13916,0.146484,0.131836,11.645505,23.75,27.75,0,10597.9826832508,,,,,,,,,,,,,,,,,,,,,,,,,,,,,,,,,,,,,,,,1.90690455,1
1002395,1267,63.25,1266.0,15.733334,1,671.156738,-4.546222,5581.25,-0.295829,178.625,178.625,0.259904,180.0,178.625,0.26164,29800.785156,498952.90625,-26.136826,28.23732,-0.062569,4744.99707,79929.25,19778.4375,19772.087891,100.109375,414569.03125,414244.875,0,FAOR,-26.108,28.246333,4.65625,2.812499,0.221875,0.061523,0.216797,0.021484,0.997396,29800.785156,498952.90625,254130.25,5549.799316,5181.0,5581.25,7338.378906,5541.393555,-2.625,-2.625,0.0,-0.295829,-0.295829,22.25,23.75,1.0,0.13916,0.146484,0.131836,10.898435,23.75,28.0,0,10887.6959372673,,,,,,,,,,,,,,,,,,,,,,,,,,,,,,,,,,,,,,,,1.4973704,1
1002395,1268,63.25,1266.0,15.733334,1,671.156738,-5.786494,5586.125,-2e-05,178.625,178.625,0.263376,181.0,179.125,0.263376,31138.539063,534378.8125,-26.13759,28.23708,-0.012569,4744.947266,79929.25,19765.738281,19763.015625,100.039063,413920.75,413884.375,0,FAOR,-26.108,28.246333,5.90625,3.867187,0.224609,0.108398,0.214844,0.101563,0.994792,31138.539063,534378.8125,254130.25,5550.095215,5196.0,5586.125,7356.618164,5544.555176,-1.125,0.0,0.0,-2e-05,-2e-05,22.25,23.75,1.0,0.13916,0.146484,0.131836,13.93066,23.75,28.0,0,11176.359595279,,,,,,,,,,,,,,,,,,,,,,,,,,,,,,,,,,,,,,,,0.9870015,1
1002395,1269,63.25,1266.0,15.733334,1,671.156738,-5.786494,5592.875,8.185546,179.625,178.625,0.263376,181.5625,180.84375,0.265484,34518.652344,560331.0625,-26.138416,28.236824,0.037708,4744.896973,79929.25,19760.294922,19759.386719,100.0625,413847.96875,414230.0,1,FAOR,-26.108,28.246333,5.90625,3.867187,0.237109,0.085938,0.234375,0.115234,1.030382,34518.652344,560331.0625,254130.25,5558.280762,5215.0,5592.875,7379.720703,5550.229004,4.25,4.244527,4.244527,8.185546,8.185546,22.25,23.75,1.0,0.13916,0.146484,0.131836,14.58984,23.75,27.75,0,11488.1388275067,,10023.0842634234,1002395.0,LSZH_A340-3_2CM015_21R_7,0.308991088354124,4481.91573657658,10023.0842634234,14505.0,0.0,LSZH,A340-3_2CM015,21R,7.0,14505.0,0.308991088354124,4481.91573657658,533.835511487386,9489.24875193604,10.6875,0.0,-26.109423,28.245876,-26.13455,28.238028,0.0036539124439848,345.987,19692.5957,5225.166504,5550.095215,5550.095215,5586.125,139.0,158.0,154.25,160.1875,148.5,158.635971,178.625,10.239257,0.4766326,0
1002395,1270,63.25,1266.0,15.733334,1,670.874146,-5.796023,5601.75,16.371111,182.0625,178.625,0.267592,181.8125,182.71875,0.267592,36126.230469,574158.0625,-26.139242,28.236567,0.088142,4744.846191,79929.25,19758.480469,19755.757813,100.054688,414612.0,414843.25,0,FAOR,-26.108,28.246333,,,,,,,,,,,,,,,,,,,,,,,,,,,,,,0,11800.0070903472,,,,,,,,,,,,,,,,,,,,,,,,,,,,,,,,,,,,,,,,0.0214451000000002,0
1002395,1271,63.25,1266.0,15.733334,1,670.59137,-5.796023,5614.875,32.208897,183.375,178.625,0.267592,181.75,183.875,0.270196,34498.730469,562283.1875,-26.140087,28.236303,0.138646,4744.795898,79929.25,19753.037109,19743.058594,100.054688,415074.46875,415030.96875,0,FAOR,-26.108,28.246333,,,,,,,,,,,,,,,,,,,,,,,,,,,,,,0,12119.1459459955,,,,,,,,,,,,,,,,,,,,,,,,,,,,,,,,,,,,,,,,-0.4337424,0
1002395,1272,63.25,1266.0,15.733334,1,670.59137,-2.251739,5632.0,48.046684,184.375,178.625,0.2728,181.375,184.875,0.2728,32028.355469,538093.875,-26.14093,28.236038,0.189132,4744.745605,79856.6875,19733.078125,19746.6875,100.085938,414987.46875,414987.625,0,FAOR,-26.108,28.246333,,,,,,,,,,,,,,,,,,,,,,,,,,,,,,0,12437.6741165779,,,,,,,,,,,,,,,,,,,,,,,,,,,,,,,,,,,,,,,,-0.71575425,0
1002395,1273,63.25,1266.0,15.733334,1,670.59137,-2.251739,5652.375,69.067833,185.375,178.625,0.2728,180.875,184.65625,0.27218,32680.994141,551629.0625,-26.141777,28.235771,0.239514,4744.694824,79856.6875,19760.294922,19763.923828,100.164063,414987.8125,414849.375,0,FAOR,-26.108,28.246333,,,,,,,,,,,,,,,,,,,,,,,,,,,,,,0,12757.7797653698,,,,,,,,,,,,,,,,,,,,,,,,,,,,,,,,,,,,,,,,-0.9977661,0
1002395,1274,63.25,1266.0,15.733334,1,670.59137,-0.956267,5675.875,90.088982,183.9375,178.625,0.27156,180.375,182.5625,0.27156,30628.673828,591905.625,-26.142624,28.235502,0.289757,4744.644531,79856.6875,19767.552734,19754.851563,100.171875,414710.9375,414963.3125,0,FAOR,-26.108,28.246333,,,,,,,,,,,,,,,,,,,,,,,,,,,,,,0,13078.0636449923,,,,,,,,,,,,,,,,,,,,,,,,,,,,,,,,,,,,,,,,-1.16063665,0
1002395,1275,63.25,1266.0,15.733334,1,670.308533,-0.956267,5701.25,113.353218,181.1875,178.625,0.27156,179.875,180.3125,0.26908,28198.119141,531654.75,-26.143463,28.235233,0.339861,4744.594727,79856.6875,19742.150391,19729.449219,100.140625,415215.71875,415051.15625,0,FAOR,-26.108,28.246333,,,,,,,,,,,,,,,,,,,,,,,,,,,,,,0,13395.5490609625,,,,,,,,,,,,,,,,,,,,,,,,,,,,,,,,,,,,,,,,-1.3235072,0
1002395,1276,63.25,1266.0,15.733334,1,670.308533,-3.823279,5726.125,136.617447,179.4375,178.625,0.2666,179.5,179.65625,0.2666,29387.308594,503892.1875,-26.144302,28.234964,0.389826,4744.544922,79784.125,19716.75,19713.121094,100.125,414886.59375,414795.1875,0,FAOR,-26.108,28.246333,,,,,,,,,,,,,,,,,,,,,,,,,,,,,,0,13713.0346414735,,,,,,,,,,,,,,,,,,,,,,,,,,,,,,,,,,,,,,,,-1.69379285,0
1002395,1277,63.25,1266.0,15.733334,1,670.308533,-3.823279,5750.625,160.218079,179.875,178.625,0.2666,179.25,180.875,0.268212,32710.466797,537883.0625,-26.145138,28.234699,0.439687,4744.494629,79784.125,19709.492188,19706.769531,100.125,414703.8125,414666.6875,0,FAOR,-26.108,28.246333,,,,,,,,,,,,,,,,,,,,,,,,,,,,,,0,14029.113830137,,,,,,,,,,,,,,,,,,,,,,,,,,,,,,,,,,,,,,,,-2.0640785,0
1002395,1278,63.25,1266.0,15.733334,1,670.308533,-1.47275,5775.125,183.81871,181.875,178.625,0.269824,178.9375,181.4375,0.269824,29785.035156,551076.75,-26.145973,28.234432,0.489479,4744.444824,79784.125,19704.048828,19709.492188,100.195313,414629.59375,415004.0625,0,FAOR,-26.108,28.246333,,,,,,,,,,,,,,,,,,,,,,,,,,,,,,0,14345.0218171878,,,,,,,,,,,,,,,,,,,,,,,,,,,,,,,,,,,,,,,,-2.28220845,0
1002395,1279,63.25,1266.0,15.733334,1,670.025513,-1.47275,5799.5,206.397263,181.0,178.625,0.269824,178.75,180.75,0.268336,27774.783203,510914.375,-26.146803,28.234163,0.539184,4744.395508,79784.125,19714.935547,19710.398438,100.195313,415378.53125,415266.46875,0,FAOR,-26.108,28.246333,,,,,,,,,,,,,,,,,,,,,,,,,,,,,,0,14659.3598366357,,,,,,,,,,,,,,,,,,,,,,,,,,,,,,,,,,,,,,,,-2.5003384,0
